{"cameraMode":{"drawMode":0,"name":"Shaded","section":"Shading Mode"},"sceneLighting":false,"audioPlay":false,"sceneViewState":{"m_AlwaysRefresh":false,"showFog":true,"showSkybox":false,"showFlares":true,"showImageEffects":true,"showParticleSystems":true,"showVisualEffectGraphs":true,"m_FxEnabled":true},"in2DMode":false,"pivot":{"x":0.9834726452827454,"y":-0.7794596552848816,"z":1.0845850706100464},"rotation":{"x":0.05804281681776047,"y":-0.6110109090805054,"z":0.04498545825481415,"w":0.7882261276245117},"size":1.651580810546875,"orthographic":false}