{"cameraMode":{"drawMode":0,"name":"Shaded","section":"Shading Mode"},"sceneLighting":false,"audioPlay":false,"sceneViewState":{"m_AlwaysRefresh":false,"showFog":true,"showSkybox":false,"showFlares":true,"showImageEffects":true,"showParticleSystems":true,"showVisualEffectGraphs":true,"m_FxEnabled":true},"in2DMode":false,"pivot":{"x":0.015010595321655274,"y":0.07375955581665039,"z":-0.05839276313781738},"rotation":{"x":-0.030560307204723359,"y":-0.9112415909767151,"z":0.0687534511089325,"w":-0.4049779772758484},"size":2.3423171043395998,"orthographic":false}