{"cameraMode":{"drawMode":0,"name":"Shaded","section":"Shading Mode"},"sceneLighting":false,"audioPlay":false,"sceneViewState":{"m_AlwaysRefresh":false,"showFog":true,"showSkybox":false,"showFlares":true,"showImageEffects":true,"showParticleSystems":true,"showVisualEffectGraphs":true,"m_FxEnabled":true},"in2DMode":false,"pivot":{"x":3.3319661617279054,"y":1.1546266078948975,"z":11.590439796447754},"rotation":{"x":0.012813335284590721,"y":-0.8852620124816895,"z":0.4642535150051117,"w":0.02436918579041958},"size":2.1710870265960695,"orthographic":false}