{"cameraMode":{"drawMode":0,"name":"Shaded","section":"Shading Mode"},"sceneLighting":false,"audioPlay":false,"sceneViewState":{"m_AlwaysRefresh":false,"showFog":true,"showSkybox":false,"showFlares":true,"showImageEffects":true,"showParticleSystems":true,"showVisualEffectGraphs":true,"m_FxEnabled":true},"in2DMode":false,"pivot":{"x":63.520381927490237,"y":10.816767692565918,"z":39.96177291870117},"rotation":{"x":0.010346806608140469,"y":0.7839054465293884,"z":-0.012848572805523873,"w":0.62055903673172},"size":0.8660253882408142,"orthographic":false}