{"cameraMode":{"drawMode":0,"name":"Shaded","section":"Shading Mode"},"sceneLighting":false,"audioPlay":false,"sceneViewState":{"m_AlwaysRefresh":false,"showFog":true,"showSkybox":false,"showFlares":true,"showImageEffects":true,"showParticleSystems":true,"showVisualEffectGraphs":true,"m_FxEnabled":true},"in2DMode":false,"pivot":{"x":3.3399999141693117,"y":0.23367774486541749,"z":11.5819091796875},"rotation":{"x":0.0379624217748642,"y":0.48741263151168826,"z":-0.02120133675634861,"w":0.8720248341560364},"size":1.7398167848587037,"orthographic":false}