{"cameraMode":{"drawMode":0,"name":"Shaded","section":"Shading Mode"},"sceneLighting":false,"audioPlay":false,"sceneViewState":{"m_AlwaysRefresh":false,"showFog":true,"showSkybox":false,"showFlares":true,"showImageEffects":true,"showParticleSystems":true,"showVisualEffectGraphs":true,"m_FxEnabled":true},"in2DMode":false,"pivot":{"x":0.2930000126361847,"y":-0.2800000011920929,"z":0.30000001192092898},"rotation":{"x":-0.0764167308807373,"y":-0.014955002814531327,"z":-0.001147204777225852,"w":0.9969661235809326},"size":1.207395076751709,"orthographic":false}