{"cameraMode":{"drawMode":0,"name":"Shaded","section":"Shading Mode"},"sceneLighting":false,"audioPlay":false,"sceneViewState":{"m_AlwaysRefresh":false,"showFog":true,"showSkybox":false,"showFlares":true,"showImageEffects":true,"showParticleSystems":true,"showVisualEffectGraphs":true,"m_FxEnabled":true},"in2DMode":false,"pivot":{"x":0.5086255669593811,"y":-0.03816651552915573,"z":-0.03243448957800865},"rotation":{"x":-0.04368017613887787,"y":-0.7021451592445374,"z":0.04323754087090492,"w":-0.7093741297721863},"size":0.5221413373947144,"orthographic":false}