{"cameraMode":{"drawMode":0,"name":"Shaded","section":"Shading Mode"},"sceneLighting":false,"audioPlay":false,"sceneViewState":{"m_AlwaysRefresh":false,"showFog":true,"showSkybox":false,"showFlares":true,"showImageEffects":true,"showParticleSystems":true,"showVisualEffectGraphs":true,"m_FxEnabled":true},"in2DMode":false,"pivot":{"x":0.8928008675575256,"y":6.779822826385498,"z":-3.401867389678955},"rotation":{"x":0.4147903323173523,"y":-0.09960067272186279,"z":0.045716047286987308,"w":0.9032375812530518},"size":1.2247449159622193,"orthographic":false}