{"cameraMode":{"drawMode":0,"name":"Shaded","section":"Shading Mode"},"sceneLighting":false,"audioPlay":false,"sceneViewState":{"m_AlwaysRefresh":false,"showFog":true,"showSkybox":false,"showFlares":true,"showImageEffects":true,"showParticleSystems":true,"showVisualEffectGraphs":true,"m_FxEnabled":true},"in2DMode":false,"pivot":{"x":434.8966369628906,"y":1.348464846611023,"z":127.28358459472656},"rotation":{"x":0.07745575904846192,"y":-0.9033055901527405,"z":0.18434211611747743,"w":0.37956279516220095},"size":3.0211942195892336,"orthographic":false}