{"cameraMode":{"drawMode":0,"name":"Shaded","section":"Shading Mode"},"sceneLighting":false,"audioPlay":false,"sceneViewState":{"m_AlwaysRefresh":false,"showFog":true,"showSkybox":false,"showFlares":true,"showImageEffects":true,"showParticleSystems":true,"showVisualEffectGraphs":true,"m_FxEnabled":true},"in2DMode":false,"pivot":{"x":4.809999942779541,"y":0.5856898427009583,"z":7.770224571228027},"rotation":{"x":0.17195653915405274,"y":-0.29911139607429507,"z":0.054892804473638538,"w":0.9369922280311585},"size":0.6209224462509155,"orthographic":false}