{"cameraMode":{"drawMode":0,"name":"Shaded","section":"Shading Mode"},"sceneLighting":true,"audioPlay":false,"sceneViewState":{"m_AlwaysRefresh":false,"showFog":true,"showSkybox":true,"showFlares":true,"showImageEffects":true,"showParticleSystems":true,"showVisualEffectGraphs":true,"m_FxEnabled":true},"in2DMode":false,"pivot":{"x":227.741455078125,"y":126.98511505126953,"z":-323.2581481933594},"rotation":{"x":0.022496558725833894,"y":0.013496370054781437,"z":-0.000239479704760015,"w":0.9995847940444946},"size":4.1136884689331059,"orthographic":false}