{"cameraMode":{"drawMode":0,"name":"Shaded","section":"Shading Mode"},"sceneLighting":false,"audioPlay":false,"sceneViewState":{"m_AlwaysRefresh":false,"showFog":true,"showSkybox":false,"showFlares":true,"showImageEffects":true,"showParticleSystems":true,"showVisualEffectGraphs":true,"m_FxEnabled":true},"in2DMode":false,"pivot":{"x":0.6919999718666077,"y":0.5849999785423279,"z":0.9359999895095825},"rotation":{"x":0.014936720952391625,"y":0.0913623720407486,"z":-0.0013705521123483778,"w":0.99570631980896},"size":1.7660255432128907,"orthographic":false}