{"cameraMode":{"drawMode":0,"name":"Shaded","section":"Shading Mode"},"sceneLighting":false,"audioPlay":false,"sceneViewState":{"m_AlwaysRefresh":false,"showFog":true,"showSkybox":false,"showFlares":true,"showImageEffects":true,"showParticleSystems":true,"showVisualEffectGraphs":true,"m_FxEnabled":true},"in2DMode":false,"pivot":{"x":0.018212318420410157,"y":-2.9263014793395998,"z":-0.05252617597579956},"rotation":{"x":-0.028433822095394136,"y":0.7306403517723084,"z":0.03047434240579605,"w":0.6815013885498047},"size":1.0139687061309815,"orthographic":false}